name,version,scope,requirement,license,source,notes
alphasift,0.2.0,wheel,,Apache-2.0,alphasift-0.2.0.dist-info/METADATA License-Expression,Wheel includes alphasift-0.2.0.dist-info/licenses/LICENSE and package data LICENSE.
pandas,2.3.3,declared-runtime-dependency,pandas>=2.0,BSD License,current root uv environment metadata; dependency is not vendored in AlphaSift wheel,Resolved for intake review only; production resolution remains controlled by root uv.lock or later wheelhouse mirror.
PyYAML,6.0.3,declared-runtime-dependency,pyyaml>=6.0,MIT,current root uv environment metadata; dependency is not vendored in AlphaSift wheel,Resolved for intake review only; production resolution remains controlled by root uv.lock or later wheelhouse mirror.
litellm,1.93.0,declared-runtime-dependency,litellm>=1.0,MIT,current root uv environment metadata; dependency is not vendored in AlphaSift wheel,Resolved for intake review only; production resolution remains controlled by root uv.lock or later wheelhouse mirror.
efinance,0.5.9,declared-runtime-dependency,efinance>=0.4,MIT,current root uv environment metadata; dependency is not vendored in AlphaSift wheel,Resolved for intake review only; production resolution remains controlled by root uv.lock or later wheelhouse mirror.
akshare,1.18.64,declared-runtime-dependency,akshare>=1.10,MIT,current root uv environment metadata; dependency is not vendored in AlphaSift wheel,Resolved for intake review only; production resolution remains controlled by root uv.lock or later wheelhouse mirror.
baostock,0.9.3,declared-runtime-dependency,baostock>=0.8.9,BSD,current root uv environment metadata; dependency is not vendored in AlphaSift wheel,Resolved for intake review only; production resolution remains controlled by root uv.lock or later wheelhouse mirror.
tushare,1.4.29,declared-runtime-dependency,tushare>=1.4,BSD,current root uv environment metadata; dependency is not vendored in AlphaSift wheel,Resolved for intake review only; production resolution remains controlled by root uv.lock or later wheelhouse mirror.
yfinance,1.5.1,declared-runtime-dependency,yfinance>=0.2,Apache-2.0,current root uv environment metadata; dependency is not vendored in AlphaSift wheel,Resolved for intake review only; production resolution remains controlled by root uv.lock or later wheelhouse mirror.
requests,2.34.2,declared-runtime-dependency,requests>=2.28,Apache-2.0,current root uv environment metadata; dependency is not vendored in AlphaSift wheel,Resolved for intake review only; production resolution remains controlled by root uv.lock or later wheelhouse mirror.
